[{"model": "token_blacklist.outstandingtoken", "pk": 1, "fields": {"user": 2, "jti": "33b2054e922a40f3b79e3f359fb01cca", "token": "eyJhbGciOiJIUzI1NiIsInR5cCI6IkpXVCJ9.eyJ0b2tlbl90eXBlIjoicmVmcmVzaCIsImV4cCI6MTcyOTcxMDE4NiwiaWF0IjoxNzI5NjIzNzg2LCJqdGkiOiIzM2IyMDU0ZTkyMmE0MGYzYjc5ZTNmMzU5ZmIwMWNjYSIsInVzZXJfaWQiOjJ9.bkZtpIFQzCw3bqH8T9LHgKFh8cxOEPhDa50kXDd0EdU", "created_at": "2024-10-22T19:03:06.229Z", "expires_at": "2024-10-23T19:03:06Z"}}, {"model": "token_blacklist.outstandingtoken", "pk": 2, "fields": {"user": 2, "jti": "f94da402ec7b4f63b3c7336ec34dd6de", "token": "eyJhbGciOiJIUzI1NiIsInR5cCI6IkpXVCJ9.eyJ0b2tlbl90eXBlIjoicmVmcmVzaCIsImV4cCI6MTcyOTcxMDI0OCwiaWF0IjoxNzI5NjIzODQ4LCJqdGkiOiJmOTRkYTQwMmVjN2I0ZjYzYjNjNzMzNmVjMzRkZDZkZSIsInVzZXJfaWQiOjJ9.Mk4RMv03ATEZfE95o6-C5usIBDHxpr5Dqsg3LXT5OsU", "created_at": "2024-10-22T19:04:08.892Z", "expires_at": "2024-10-23T19:04:08Z"}}, {"model": "token_blacklist.outstandingtoken", "pk": 3, "fields": {"user": 2, "jti": "200f1da6de2940fc8d69faace61b2eac", "token": "eyJhbGciOiJIUzI1NiIsInR5cCI6IkpXVCJ9.eyJ0b2tlbl90eXBlIjoicmVmcmVzaCIsImV4cCI6MTcyOTc0MTYzNywiaWF0IjoxNzI5NjU1MjM3LCJqdGkiOiIyMDBmMWRhNmRlMjk0MGZjOGQ2OWZhYWNlNjFiMmVhYyIsInVzZXJfaWQiOjJ9.2nlNxGDUw8wMX0X_fpLMuurpJZowi6SauaiCA88EF5A", "created_at": "2024-10-23T03:47:17.925Z", "expires_at": "2024-10-24T03:47:17Z"}}, {"model": "token_blacklist.outstandingtoken", "pk": 4, "fields": {"user": 2, "jti": "f773d06c7b3a4263b13c4d1561b24477", "token": "eyJhbGciOiJIUzI1NiIsInR5cCI6IkpXVCJ9.eyJ0b2tlbl90eXBlIjoicmVmcmVzaCIsImV4cCI6MTcyOTc0MjQxMCwiaWF0IjoxNzI5NjU2MDEwLCJqdGkiOiJmNzczZDA2YzdiM2E0MjYzYjEzYzRkMTU2MWIyNDQ3NyIsInVzZXJfaWQiOjJ9.0NPNMv8d-MO3BFnFBpvjKyr-qicVWH039UiScD05r1E", "created_at": "2024-10-23T04:00:10.220Z", "expires_at": "2024-10-24T04:00:10Z"}}, {"model": "token_blacklist.outstandingtoken", "pk": 5, "fields": {"user": 2, "jti": "0399977bc7814c648c4c9ef8f0f35c20", "token": "eyJhbGciOiJIUzI1NiIsInR5cCI6IkpXVCJ9.eyJ0b2tlbl90eXBlIjoicmVmcmVzaCIsImV4cCI6MTcyOTc0MzAwOCwiaWF0IjoxNzI5NjU2NjA4LCJqdGkiOiIwMzk5OTc3YmM3ODE0YzY0OGM0YzllZjhmMGYzNWMyMCIsInVzZXJfaWQiOjJ9.vw_U22gBrMegq1PaoMPAFmm7GOhm5q1kOdQdxQ_sO58", "created_at": "2024-10-23T04:10:08.462Z", "expires_at": "2024-10-24T04:10:08Z"}}, {"model": "token_blacklist.outstandingtoken", "pk": 6, "fields": {"user": 2, "jti": "97eadfe131cf4ca68d3dd99f76847038", "token": "eyJhbGciOiJIUzI1NiIsInR5cCI6IkpXVCJ9.eyJ0b2tlbl90eXBlIjoicmVmcmVzaCIsImV4cCI6MTcyOTc0MzU4NSwiaWF0IjoxNzI5NjU3MTg1LCJqdGkiOiI5N2VhZGZlMTMxY2Y0Y2E2OGQzZGQ5OWY3Njg0NzAzOCIsInVzZXJfaWQiOjJ9.MQSAa4AXZxmdEkEcRn8WYO8mPqJp6_QsTzz28ctBGz8", "created_at": "2024-10-23T04:19:45.235Z", "expires_at": "2024-10-24T04:19:45Z"}}, {"model": "token_blacklist.outstandingtoken", "pk": 7, "fields": {"user": 2, "jti": "8bad965740ff4a86848e4e29b499dcdd", "token": "eyJhbGciOiJIUzI1NiIsInR5cCI6IkpXVCJ9.eyJ0b2tlbl90eXBlIjoicmVmcmVzaCIsImV4cCI6MTcyOTc0MzY0NywiaWF0IjoxNzI5NjU3MjQ3LCJqdGkiOiI4YmFkOTY1NzQwZmY0YTg2ODQ4ZTRlMjliNDk5ZGNkZCIsInVzZXJfaWQiOjJ9.j0Sagcs20OvBCrvQHK7qilm_LdqOE-1YOiXl1X6_p34", "created_at": "2024-10-23T04:20:47.516Z", "expires_at": "2024-10-24T04:20:47Z"}}, {"model": "token_blacklist.outstandingtoken", "pk": 8, "fields": {"user": 2, "jti": "7cf8f50a8226441a98aa23f82bc9c088", "token": "eyJhbGciOiJIUzI1NiIsInR5cCI6IkpXVCJ9.eyJ0b2tlbl90eXBlIjoicmVmcmVzaCIsImV4cCI6MTcyOTc0MzkxMiwiaWF0IjoxNzI5NjU3NTEyLCJqdGkiOiI3Y2Y4ZjUwYTgyMjY0NDFhOThhYTIzZjgyYmM5YzA4OCIsInVzZXJfaWQiOjJ9.6HQdykzHjNy0iIrW1UcaZOSoERbYKWqh_hgWA1ABxdQ", "created_at": "2024-10-23T04:25:12.347Z", "expires_at": "2024-10-24T04:25:12Z"}}, {"model": "token_blacklist.outstandingtoken", "pk": 9, "fields": {"user": 2, "jti": "2d0d99ddc1d54e4fa679da32816bd625", "token": "eyJhbGciOiJIUzI1NiIsInR5cCI6IkpXVCJ9.eyJ0b2tlbl90eXBlIjoicmVmcmVzaCIsImV4cCI6MTcyOTc0NTA1MCwiaWF0IjoxNzI5NjU4NjUwLCJqdGkiOiIyZDBkOTlkZGMxZDU0ZTRmYTY3OWRhMzI4MTZiZDYyNSIsInVzZXJfaWQiOjJ9.i5BdGpjjFcq-pCZuugrLhgdvWeByhhOddUxYLU1m7Cc", "created_at": "2024-10-23T04:44:10.363Z", "expires_at": "2024-10-24T04:44:10Z"}}, {"model": "token_blacklist.outstandingtoken", "pk": 10, "fields": {"user": 2, "jti": "ddd281a54a0b4c1d8955245e8f80f773", "token": "eyJhbGciOiJIUzI1NiIsInR5cCI6IkpXVCJ9.eyJ0b2tlbl90eXBlIjoicmVmcmVzaCIsImV4cCI6MTcyOTc1MzY2NCwiaWF0IjoxNzI5NjY3MjY0LCJqdGkiOiJkZGQyODFhNTRhMGI0YzFkODk1NTI0NWU4ZjgwZjc3MyIsInVzZXJfaWQiOjJ9.uzrrWPjnJ717y9p4efKmNnm_36IQ_NNkt05Qq0BOhls", "created_at": "2024-10-23T07:07:44.200Z", "expires_at": "2024-10-24T07:07:44Z"}}, {"model": "token_blacklist.outstandingtoken", "pk": 11, "fields": {"user": 3, "jti": "ec77b105ee2340d18d5efdeb5b9ee77f", "token": "eyJhbGciOiJIUzI1NiIsInR5cCI6IkpXVCJ9.eyJ0b2tlbl90eXBlIjoicmVmcmVzaCIsImV4cCI6MTcyOTc1NTQwNCwiaWF0IjoxNzI5NjY5MDA0LCJqdGkiOiJlYzc3YjEwNWVlMjM0MGQxOGQ1ZWZkZWI1YjllZTc3ZiIsInVzZXJfaWQiOjN9.ZArtKvJMTpF9p8IWPhQwacpGMxLk7y96MOSY0ZeCxUQ", "created_at": "2024-10-23T07:36:44.964Z", "expires_at": "2024-10-24T07:36:44Z"}}, {"model": "token_blacklist.outstandingtoken", "pk": 12, "fields": {"user": 3, "jti": "8d1afc0cf5394461b3bdfbda08ba403f", "token": "eyJhbGciOiJIUzI1NiIsInR5cCI6IkpXVCJ9.eyJ0b2tlbl90eXBlIjoicmVmcmVzaCIsImV4cCI6MTcyOTc1OTg3NSwiaWF0IjoxNzI5NjczNDc1LCJqdGkiOiI4ZDFhZmMwY2Y1Mzk0NDYxYjNiZGZiZGEwOGJhNDAzZiIsInVzZXJfaWQiOjN9.xLnu_1e66M3H4uR28NXQipIKV1d856dViH9lk1a-GEc", "created_at": "2024-10-23T08:51:15.136Z", "expires_at": "2024-10-24T08:51:15Z"}}, {"model": "token_blacklist.outstandingtoken", "pk": 13, "fields": {"user": 3, "jti": "69b87b99dcb44e18ab93400c7c5a5568", "token": "eyJhbGciOiJIUzI1NiIsInR5cCI6IkpXVCJ9.eyJ0b2tlbl90eXBlIjoicmVmcmVzaCIsImV4cCI6MTcyOTc2MDA0MiwiaWF0IjoxNzI5NjczNjQyLCJqdGkiOiI2OWI4N2I5OWRjYjQ0ZTE4YWI5MzQwMGM3YzVhNTU2OCIsInVzZXJfaWQiOjN9.oodUHgkYL1niBM1CmqUllModB17rMpljRdMx4IVT6Tw", "created_at": "2024-10-23T08:54:02.902Z", "expires_at": "2024-10-24T08:54:02Z"}}, {"model": "token_blacklist.outstandingtoken", "pk": 14, "fields": {"user": 3, "jti": "e2ccd15cdca8418285dde28d0c659055", "token": "eyJhbGciOiJIUzI1NiIsInR5cCI6IkpXVCJ9.eyJ0b2tlbl90eXBlIjoicmVmcmVzaCIsImV4cCI6MTcyOTc2MDI1NCwiaWF0IjoxNzI5NjczODU0LCJqdGkiOiJlMmNjZDE1Y2RjYTg0MTgyODVkZGUyOGQwYzY1OTA1NSIsInVzZXJfaWQiOjN9.WFp_i9BfbgrM5WxdTUKbto6rMWomcGe0QQ5UPdOu8Xk", "created_at": "2024-10-23T08:57:34.633Z", "expires_at": "2024-10-24T08:57:34Z"}}, {"model": "token_blacklist.outstandingtoken", "pk": 15, "fields": {"user": 3, "jti": "8d3bbdf7f6354e279292a817fdd17035", "token": "eyJhbGciOiJIUzI1NiIsInR5cCI6IkpXVCJ9.eyJ0b2tlbl90eXBlIjoicmVmcmVzaCIsImV4cCI6MTcyOTc2MDU3NiwiaWF0IjoxNzI5Njc0MTc2LCJqdGkiOiI4ZDNiYmRmN2Y2MzU0ZTI3OTI5MmE4MTdmZGQxNzAzNSIsInVzZXJfaWQiOjN9.yPvZmVvh5u9SJ6Jy1Vnw8fznvwtBdY3crqZhsf8-PKg", "created_at": "2024-10-23T09:02:56.007Z", "expires_at": "2024-10-24T09:02:56Z"}}, {"model": "token_blacklist.outstandingtoken", "pk": 16, "fields": {"user": 1, "jti": "5242e11e80df43b2a92b39d374dacb8b", "token": "eyJhbGciOiJIUzI1NiIsInR5cCI6IkpXVCJ9.eyJ0b2tlbl90eXBlIjoicmVmcmVzaCIsImV4cCI6MTcyOTc2MTA1MiwiaWF0IjoxNzI5Njc0NjUyLCJqdGkiOiI1MjQyZTExZTgwZGY0M2IyYTkyYjM5ZDM3NGRhY2I4YiIsInVzZXJfaWQiOjF9.ZLloCtBc2M_hEE6hBL_b1zZXDuMuO9djugDftEJhxhc", "created_at": "2024-10-23T09:10:52.889Z", "expires_at": "2024-10-24T09:10:52Z"}}, {"model": "token_blacklist.outstandingtoken", "pk": 17, "fields": {"user": 3, "jti": "2bf6748839304893a6373621c0757664", "token": "eyJhbGciOiJIUzI1NiIsInR5cCI6IkpXVCJ9.eyJ0b2tlbl90eXBlIjoicmVmcmVzaCIsImV4cCI6MTcyOTc2MzM5OCwiaWF0IjoxNzI5Njc2OTk4LCJqdGkiOiIyYmY2NzQ4ODM5MzA0ODkzYTYzNzM2MjFjMDc1NzY2NCIsInVzZXJfaWQiOjN9.SJ71Fen5xFAehOavEmDNiqaj21UB-GkR4qhfzaAhPhQ", "created_at": "2024-10-23T09:49:58.726Z", "expires_at": "2024-10-24T09:49:58Z"}}, {"model": "token_blacklist.blacklistedtoken", "pk": 1, "fields": {"token": 8, "blacklisted_at": "2024-10-23T04:35:22.564Z"}}, {"model": "token_blacklist.blacklistedtoken", "pk": 2, "fields": {"token": 15, "blacklisted_at": "2024-10-23T09:08:35.010Z"}}, {"model": "token_blacklist.blacklistedtoken", "pk": 3, "fields": {"token": 16, "blacklisted_at": "2024-10-23T09:13:39.891Z"}}, {"model": "admin.logentry", "pk": 1, "fields": {"action_time": "2024-10-21T09:40:30.009Z", "user": 1, "content_type": 7, "object_id": "1", "object_repr": "What is the primary function of red blood cells?", "action_flag": 1, "change_message": "[{\"added\": {}}]"}}, {"model": "admin.logentry", "pk": 2, "fields": {"action_time": "2024-10-21T09:41:45.559Z", "user": 1, "content_type": 7, "object_id": "2", "object_repr": "Which vitamin is primarily synthesized when the skin is exposed to sunlight?", "action_flag": 1, "change_message": "[{\"added\": {}}]"}}, {"model": "admin.logentry", "pk": 3, "fields": {"action_time": "2024-10-21T09:42:43.756Z", "user": 1, "content_type": 7, "object_id": "3", "object_repr": "What is the medical term for high blood pressure?\r\nA)", "action_flag": 1, "change_message": "[{\"added\": {}}]"}}, {"model": "admin.logentry", "pk": 4, "fields": {"action_time": "2024-10-21T09:44:08.544Z", "user": 1, "content_type": 7, "object_id": "4", "object_repr": "Which of the following is a common symptom of diabetes?", "action_flag": 1, "change_message": "[{\"added\": {}}]"}}, {"model": "admin.logentry", "pk": 5, "fields": {"action_time": "2024-10-21T09:45:06.364Z", "user": 1, "content_type": 7, "object_id": "5", "object_repr": "What organ is responsible for detoxifying chemicals and metabolizing drugs in the body?", "action_flag": 1, "change_message": "[{\"added\": {}}]"}}, {"model": "admin.logentry", "pk": 6, "fields": {"action_time": "2024-10-21T09:45:30.662Z", "user": 1, "content_type": 7, "object_id": "3", "object_repr": "What is the medical term for high blood pressure?", "action_flag": 2, "change_message": "[{\"changed\": {\"fields\": [\"Question\"]}}]"}}, {"model": "admin.logentry", "pk": 7, "fields": {"action_time": "2024-10-21T09:49:20.138Z", "user": 1, "content_type": 7, "object_id": "6", "object_repr": "What is the primary purpose of a surgical procedure?", "action_flag": 1, "change_message": "[{\"added\": {}}]"}}, {"model": "admin.logentry", "pk": 8, "fields": {"action_time": "2024-10-21T09:50:21.691Z", "user": 1, "content_type": 7, "object_id": "7", "object_repr": "Which of the following is a common type of anesthesia used during surgery?", "action_flag": 1, "change_message": "[{\"added\": {}}]"}}, {"model": "admin.logentry", "pk": 9, "fields": {"action_time": "2024-10-21T09:51:33.053Z", "user": 1, "content_type": 7, "object_id": "8", "object_repr": "What does the term \"laparoscopy\" refer to?", "action_flag": 1, "change_message": "[{\"added\": {}}]"}}, {"model": "admin.logentry", "pk": 10, "fields": {"action_time": "2024-10-21T09:52:37.319Z", "user": 1, "content_type": 7, "object_id": "9", "object_repr": "Which surgical procedure involves the removal of the gallbladder?", "action_flag": 1, "change_message": "[{\"added\": {}}]"}}, {"model": "admin.logentry", "pk": 11, "fields": {"action_time": "2024-10-21T09:53:41.692Z", "user": 1, "content_type": 7, "object_id": "10", "object_repr": "What is a common complication associated with surgery?", "action_flag": 1, "change_message": "[{\"added\": {}}]"}}, {"model": "admin.logentry", "pk": 12, "fields": {"action_time": "2024-10-21T11:20:46.337Z", "user": 1, "content_type": 7, "object_id": "4", "object_repr": "Which of the following is a common symptom of diabetes?", "action_flag": 2, "change_message": "[{\"changed\": {\"fields\": [\"Option1\"]}}]"}}, {"model": "admin.logentry", "pk": 13, "fields": {"action_time": "2024-10-22T04:31:42.444Z", "user": 1, "content_type": 7, "object_id": "11", "object_repr": "Which type of incision is commonly used for abdominal surgery?", "action_flag": 1, "change_message": "[{\"added\": {}}]"}}, {"model": "admin.logentry", "pk": 14, "fields": {"action_time": "2024-10-22T04:32:55.722Z", "user": 1, "content_type": 7, "object_id": "12", "object_repr": "What is the purpose of a drainage tube after surgery?", "action_flag": 1, "change_message": "[{\"added\": {}}]"}}, {"model": "admin.logentry", "pk": 15, "fields": {"action_time": "2024-10-22T04:35:37.086Z", "user": 1, "content_type": 7, "object_id": "13", "object_repr": "Which of the following is a surgical procedure to repair a hernia?", "action_flag": 1, "change_message": "[{\"added\": {}}]"}}, {"model": "admin.logentry", "pk": 16, "fields": {"action_time": "2024-10-22T04:38:23.835Z", "user": 1, "content_type": 7, "object_id": "14", "object_repr": "What is the term for the removal of an appendix?", "action_flag": 1, "change_message": "[{\"added\": {}}]"}}, {"model": "admin.logentry", "pk": 17, "fields": {"action_time": "2024-10-22T04:39:48.034Z", "user": 1, "content_type": 7, "object_id": "15", "object_repr": "Which of the following is a key surgical principle to minimize infection risk?", "action_flag": 1, "change_message": "[{\"added\": {}}]"}}, {"model": "admin.logentry", "pk": 18, "fields": {"action_time": "2024-10-22T04:41:03.142Z", "user": 1, "content_type": 7, "object_id": "16", "object_repr": "What is the name of the incision typically used for a C-section?", "action_flag": 1, "change_message": "[{\"added\": {}}]"}}, {"model": "admin.logentry", "pk": 19, "fields": {"action_time": "2024-10-22T04:42:07.844Z", "user": 1, "content_type": 7, "object_id": "17", "object_repr": "Which tool is most commonly used to cut tissue during surgery?", "action_flag": 1, "change_message": "[{\"added\": {}}]"}}, {"model": "admin.logentry", "pk": 20, "fields": {"action_time": "2024-10-22T04:43:35.899Z", "user": 1, "content_type": 7, "object_id": "18", "object_repr": "What is the primary purpose of sutures in surgery?", "action_flag": 1, "change_message": "[{\"added\": {}}]"}}, {"model": "admin.logentry", "pk": 21, "fields": {"action_time": "2024-10-22T04:44:45.830Z", "user": 1, "content_type": 7, "object_id": "19", "object_repr": "What is the primary function of a surgical retractor?", "action_flag": 1, "change_message": "[{\"added\": {}}]"}}, {"model": "admin.logentry", "pk": 22, "fields": {"action_time": "2024-10-22T04:45:59.325Z", "user": 1, "content_type": 7, "object_id": "20", "object_repr": "What does the term \"hemorrhage\" refer to in surgical contexts?", "action_flag": 1, "change_message": "[{\"added\": {}}]"}}, {"model": "admin.logentry", "pk": 23, "fields": {"action_time": "2024-10-22T04:47:16.379Z", "user": 1, "content_type": 7, "object_id": "21", "object_repr": "What is the most common cause of post-operative pneumonia?", "action_flag": 1, "change_message": "[{\"added\": {}}]"}}, {"model": "admin.logentry", "pk": 24, "fields": {"action_time": "2024-10-22T04:49:06.005Z", "user": 1, "content_type": 7, "object_id": "22", "object_repr": "During which type of surgery is a bypass most commonly performed?", "action_flag": 1, "change_message": "[{\"added\": {}}]"}}, {"model": "admin.logentry", "pk": 25, "fields": {"action_time": "2024-10-22T04:50:08.391Z", "user": 1, "content_type": 7, "object_id": "23", "object_repr": "What is the recommended surgical treatment for a patient with acute appendicitis?", "action_flag": 1, "change_message": "[{\"added\": {}}]"}}, {"model": "auth.permission", "pk": 1, "fields": {"name": "Can add log entry", "content_type": 1, "codename": "add_logentry"}}, {"model": "auth.permission", "pk": 2, "fields": {"name": "Can change log entry", "content_type": 1, "codename": "change_logentry"}}, {"model": "auth.permission", "pk": 3, "fields": {"name": "Can delete log entry", "content_type": 1, "codename": "delete_logentry"}}, {"model": "auth.permission", "pk": 4, "fields": {"name": "Can view log entry", "content_type": 1, "codename": "view_logentry"}}, {"model": "auth.permission", "pk": 5, "fields": {"name": "Can add permission", "content_type": 2, "codename": "add_permission"}}, {"model": "auth.permission", "pk": 6, "fields": {"name": "Can change permission", "content_type": 2, "codename": "change_permission"}}, {"model": "auth.permission", "pk": 7, "fields": {"name": "Can delete permission", "content_type": 2, "codename": "delete_permission"}}, {"model": "auth.permission", "pk": 8, "fields": {"name": "Can view permission", "content_type": 2, "codename": "view_permission"}}, {"model": "auth.permission", "pk": 9, "fields": {"name": "Can add group", "content_type": 3, "codename": "add_group"}}, {"model": "auth.permission", "pk": 10, "fields": {"name": "Can change group", "content_type": 3, "codename": "change_group"}}, {"model": "auth.permission", "pk": 11, "fields": {"name": "Can delete group", "content_type": 3, "codename": "delete_group"}}, {"model": "auth.permission", "pk": 12, "fields": {"name": "Can view group", "content_type": 3, "codename": "view_group"}}, {"model": "auth.permission", "pk": 13, "fields": {"name": "Can add user", "content_type": 4, "codename": "add_user"}}, {"model": "auth.permission", "pk": 14, "fields": {"name": "Can change user", "content_type": 4, "codename": "change_user"}}, {"model": "auth.permission", "pk": 15, "fields": {"name": "Can delete user", "content_type": 4, "codename": "delete_user"}}, {"model": "auth.permission", "pk": 16, "fields": {"name": "Can view user", "content_type": 4, "codename": "view_user"}}, {"model": "auth.permission", "pk": 17, "fields": {"name": "Can add content type", "content_type": 5, "codename": "add_contenttype"}}, {"model": "auth.permission", "pk": 18, "fields": {"name": "Can change content type", "content_type": 5, "codename": "change_contenttype"}}, {"model": "auth.permission", "pk": 19, "fields": {"name": "Can delete content type", "content_type": 5, "codename": "delete_contenttype"}}, {"model": "auth.permission", "pk": 20, "fields": {"name": "Can view content type", "content_type": 5, "codename": "view_contenttype"}}, {"model": "auth.permission", "pk": 21, "fields": {"name": "Can add session", "content_type": 6, "codename": "add_session"}}, {"model": "auth.permission", "pk": 22, "fields": {"name": "Can change session", "content_type": 6, "codename": "change_session"}}, {"model": "auth.permission", "pk": 23, "fields": {"name": "Can delete session", "content_type": 6, "codename": "delete_session"}}, {"model": "auth.permission", "pk": 24, "fields": {"name": "Can view session", "content_type": 6, "codename": "view_session"}}, {"model": "auth.permission", "pk": 25, "fields": {"name": "Can add question", "content_type": 7, "codename": "add_question"}}, {"model": "auth.permission", "pk": 26, "fields": {"name": "Can change question", "content_type": 7, "codename": "change_question"}}, {"model": "auth.permission", "pk": 27, "fields": {"name": "Can delete question", "content_type": 7, "codename": "delete_question"}}, {"model": "auth.permission", "pk": 28, "fields": {"name": "Can view question", "content_type": 7, "codename": "view_question"}}, {"model": "auth.permission", "pk": 29, "fields": {"name": "Can add blacklisted token", "content_type": 8, "codename": "add_blacklistedtoken"}}, {"model": "auth.permission", "pk": 30, "fields": {"name": "Can change blacklisted token", "content_type": 8, "codename": "change_blacklistedtoken"}}, {"model": "auth.permission", "pk": 31, "fields": {"name": "Can delete blacklisted token", "content_type": 8, "codename": "delete_blacklistedtoken"}}, {"model": "auth.permission", "pk": 32, "fields": {"name": "Can view blacklisted token", "content_type": 8, "codename": "view_blacklistedtoken"}}, {"model": "auth.permission", "pk": 33, "fields": {"name": "Can add outstanding token", "content_type": 9, "codename": "add_outstandingtoken"}}, {"model": "auth.permission", "pk": 34, "fields": {"name": "Can change outstanding token", "content_type": 9, "codename": "change_outstandingtoken"}}, {"model": "auth.permission", "pk": 35, "fields": {"name": "Can delete outstanding token", "content_type": 9, "codename": "delete_outstandingtoken"}}, {"model": "auth.permission", "pk": 36, "fields": {"name": "Can view outstanding token", "content_type": 9, "codename": "view_outstandingtoken"}}, {"model": "auth.user", "pk": 1, "fields": {"password": "pbkdf2_sha256$870000$a3QzB2MXyvO1h1b13CZz7v$YvjI9ODniGsgj+vDzQxQUu6vUeTS3xs3ANfCsGqZZHk=", "last_login": "2024-10-23T09:10:29.856Z", "is_superuser": true, "username": "janak", "first_name": "", "last_name": "", "email": "abc@abc.com", "is_staff": true, "is_active": true, "date_joined": "2024-10-21T09:27:39.486Z", "groups": [], "user_permissions": []}}, {"model": "auth.user", "pk": 2, "fields": {"password": "pbkdf2_sha256$870000$jg7meLrtt97Yn8g5MiifX3$AI8tr8YnnmBjZg1zUVAwvgm40k+Zlvj4BortOgj3nSc=", "last_login": null, "is_superuser": false, "username": "Adele", "first_name": "", "last_name": "", "email": "adele@abc.com", "is_staff": false, "is_active": true, "date_joined": "2024-10-22T19:02:20.218Z", "groups": [], "user_permissions": []}}, {"model": "auth.user", "pk": 3, "fields": {"password": "pbkdf2_sha256$870000$ZVtFL6K6KT6PP6wtX7djWQ$TlOXmh2pr5gg/8Nr91M4APK/5/IR01dGMe6ris+BTq8=", "last_login": null, "is_superuser": false, "username": "Bidhur", "first_name": "", "last_name": "", "email": "bidur@abc.com", "is_staff": false, "is_active": true, "date_joined": "2024-10-23T07:36:15.076Z", "groups": [], "user_permissions": []}}, {"model": "contenttypes.contenttype", "pk": 1, "fields": {"app_label": "admin", "model": "logentry"}}, {"model": "contenttypes.contenttype", "pk": 2, "fields": {"app_label": "auth", "model": "permission"}}, {"model": "contenttypes.contenttype", "pk": 3, "fields": {"app_label": "auth", "model": "group"}}, {"model": "contenttypes.contenttype", "pk": 4, "fields": {"app_label": "auth", "model": "user"}}, {"model": "contenttypes.contenttype", "pk": 5, "fields": {"app_label": "contenttypes", "model": "contenttype"}}, {"model": "contenttypes.contenttype", "pk": 6, "fields": {"app_label": "sessions", "model": "session"}}, {"model": "contenttypes.contenttype", "pk": 7, "fields": {"app_label": "NMC_MCQ", "model": "question"}}, {"model": "contenttypes.contenttype", "pk": 8, "fields": {"app_label": "token_blacklist", "model": "blacklistedtoken"}}, {"model": "contenttypes.contenttype", "pk": 9, "fields": {"app_label": "token_blacklist", "model": "outstandingtoken"}}, {"model": "sessions.session", "pk": "aumhc7eufrq7etij37kso55u2zk2qnwf", "fields": {"session_data": ".eJxVjMEOwiAQRP-FsyFLFzbEo3e_gSywSNWUpLQn478rSQ96nHlv5qUC71sNe5c1zFmdlVGn3y5yesgyQL7zcms6tWVb56iHog_a9bVleV4O9--gcq_ftUWMAOASkJXsJik-syfryTg2BQwR42TBY3LAvgCyjACCSI6Men8AuPs2jg:1t3XNu:Pw0WZxWXJF-c5G_xwyHvxbwLig4vWPWE-65qJCtVMVY", "expire_date": "2024-11-06T09:10:30.056Z"}}, {"model": "sessions.session", "pk": "qs6pllmbt5o2v96h4ck0at348vbrraxp", "fields": {"session_data": "eyJyYW5kb21fcXVlc3Rpb25fb3JkZXIiOls1LDQsMywyLDFdLCJjdXJyZW50X3N1YmplY3QiOiJNZWRpY2luZSIsInNjb3JlIjozfQ:1t2upo:uQrpYJscU1mhgEY9mnI_tQ4qgt9BDP5rX_JGGg-U9LU", "expire_date": "2024-11-04T16:00:44.312Z"}}, {"model": "NMC_MCQ.question", "pk": 1, "fields": {"question": "What is the primary function of red blood cells?", "option1": "Transport oxygen to tissues", "option2": "Fight infections", "option3": "Clot blood", "option4": "Regulate body temperatureeee", "correct_option": "Transport oxygen to tissues", "category": "MBBS", "subject": "Medicine"}}, {"model": "NMC_MCQ.question", "pk": 2, "fields": {"question": "Which vitamin is primarily synthesized when the skin is exposed to sunlight?", "option1": "Vitamin A", "option2": "Vitamin B12", "option3": "Vitamin C", "option4": "Vitamin D", "correct_option": "Vitamin D", "category": "MBBS", "subject": "Medicine"}}, {"model": "NMC_MCQ.question", "pk": 3, "fields": {"question": "What is the medical term for high blood pressure?", "option1": "Hypotension", "option2": "Hypertension", "option3": "Arrhythmia", "option4": "Tachycardia", "correct_option": "Hypertension", "category": "MBBS", "subject": "Medicine"}}, {"model": "NMC_MCQ.question", "pk": 4, "fields": {"question": "Which of the following is a common symptom of diabetes?", "option1": "Increased thirst", "option2": "Frequent headaches", "option3": "Joint pain", "option4": "Skin rash", "correct_option": "Increased thirst", "category": "MBBS", "subject": "Medicine"}}, {"model": "NMC_MCQ.question", "pk": 5, "fields": {"question": "What organ is responsible for detoxifying chemicals and metabolizing drugs in the body?", "option1": "Kidney", "option2": "Liver", "option3": "Pancreas", "option4": "Stomach", "correct_option": "Liver", "category": "MBBS", "subject": "Medicine"}}, {"model": "NMC_MCQ.question", "pk": 7, "fields": {"question": "Which of the following is a common type of anesthesia used during surgery?", "option1": "Local anesthesia", "option2": "General anesthesia", "option3": "Epidural anesthesia", "option4": "Conscious sedation", "correct_option": "General anesthesia", "category": "MBBS", "subject": "Surgery"}}, {"model": "NMC_MCQ.question", "pk": 8, "fields": {"question": "What does the term \"laparoscopy\" refer to?", "option1": "Open surgery using large incisions", "option2": "Minimally invasive surgery using small incisions and a camera", "option3": "Surgery performed on the brain", "option4": "Surgery performed under local anesthesia", "correct_option": "Minimally invasive surgery using small incisions and a camera", "category": "MBBS", "subject": "Surgery"}}, {"model": "NMC_MCQ.question", "pk": 9, "fields": {"question": "Which surgical procedure involves the removal of the gallbladder?", "option1": "Appendectomy", "option2": "Cholecystectomy", "option3": "Herniorrhaphy", "option4": "Gastrectomy", "correct_option": "Cholecystectomy", "category": "MBBS", "subject": "Surgery"}}, {"model": "NMC_MCQ.question", "pk": 10, "fields": {"question": "What is a common complication associated with surgery?", "option1": "Hypotension", "option2": "Infection", "option3": "Insomnia", "option4": "Headaches", "correct_option": "Infection", "category": "MBBS", "subject": "Surgery"}}, {"model": "NMC_MCQ.question", "pk": 11, "fields": {"question": "Which type of incision is commonly used for abdominal surgery?", "option1": "Transverse incision", "option2": "Vertical incision", "option3": "Oblique incision", "option4": "Circular incision", "correct_option": "Vertical incision", "category": "MBBS", "subject": "Surgery"}}, {"model": "NMC_MCQ.question", "pk": 12, "fields": {"question": "What is the purpose of a drainage tube after surgery?", "option1": "To provide nutrition", "option2": "To remove excess fluid or air", "option3": "To administer medication", "option4": "To monitor blood pressure", "correct_option": "To remove excess fluid or air", "category": "MBBS", "subject": "Surgery"}}, {"model": "NMC_MCQ.question", "pk": 13, "fields": {"question": "Which of the following is a surgical procedure to repair a hernia?", "option1": "Herniorrhaphy", "option2": "Cholecystectomy", "option3": "Laparoscopy", "option4": "Appendectomy", "correct_option": "Herniorrhaphy", "category": "MBBS", "subject": "Surgery"}}, {"model": "NMC_MCQ.question", "pk": 14, "fields": {"question": "What is the term for the removal of an appendix?", "option1": "Gastrectomy", "option2": "Appendectomy", "option3": "Colectomy", "option4": "Lobotomy", "correct_option": "Appendectomy", "category": "MBBS", "subject": "Surgery"}}, {"model": "NMC_MCQ.question", "pk": 15, "fields": {"question": "Which of the following is a key surgical principle to minimize infection risk?", "option1": "Frequent repositioning of the patient", "option2": "Maintaining sterile technique", "option3": "Limiting use of antibiotics", "option4": "Using general anesthesia", "correct_option": "Maintaining sterile technique", "category": "MBBS", "subject": "Surgery"}}, {"model": "NMC_MCQ.question", "pk": 16, "fields": {"question": "What is the name of the incision typically used for a C-section?", "option1": "Pfannenstiel incision", "option2": "McBurney incision", "option3": "Kocher incision", "option4": "Chevron incision", "correct_option": "Pfannenstiel incision", "category": "MBBS", "subject": "Surgery"}}, {"model": "NMC_MCQ.question", "pk": 17, "fields": {"question": "Which tool is most commonly used to cut tissue during surgery?", "option1": "Retractor", "option2": "Scalpel", "option3": "Hemostat", "option4": "Forceps", "correct_option": "Scalpel", "category": "MBBS", "subject": "Surgery"}}, {"model": "NMC_MCQ.question", "pk": 18, "fields": {"question": "What is the primary purpose of sutures in surgery?", "option1": "To immobilize the patient", "option2": "To stop bleeding", "option3": "To close a wound or incision", "option4": "To administer medication", "correct_option": "To close a wound or incision", "category": "MBBS", "subject": "Surgery"}}, {"model": "NMC_MCQ.question", "pk": 19, "fields": {"question": "What is the primary function of a surgical retractor?", "option1": "To cut tissue", "option2": "To control bleeding", "option3": "To hold open tissue or organs during surgery", "option4": "To sterilize the wound area", "correct_option": "To hold open tissue or organs during surgery", "category": "MBBS", "subject": "Surgery"}}, {"model": "NMC_MCQ.question", "pk": 20, "fields": {"question": "What does the term \"hemorrhage\" refer to in surgical contexts?", "option1": "Inflammation", "option2": "Excessive bleeding", "option3": "Infection", "option4": "Swelling", "correct_option": "Excessive bleeding", "category": "MBBS", "subject": "Surgery"}}, {"model": "NMC_MCQ.question", "pk": 21, "fields": {"question": "What is the most common cause of post-operative pneumonia?", "option1": "Smoking", "option2": "Prolonged bed rest and shallow breathing", "option3": "Poor hygiene", "option4": "Anesthesia reaction", "correct_option": "Prolonged bed rest and shallow breathing", "category": "MBBS", "subject": "Surgery"}}, {"model": "NMC_MCQ.question", "pk": 22, "fields": {"question": "During which type of surgery is a bypass most commonly performed?", "option1": "Coronary artery bypass graft (CABG)", "option2": "Appendectomy", "option3": "Splenectomy", "option4": "Cholecystectomy", "correct_option": "Coronary artery bypass graft (CABG)", "category": "MBBS", "subject": "Surgery"}}, {"model": "NMC_MCQ.question", "pk": 23, "fields": {"question": "What is the recommended surgical treatment for a patient with acute appendicitis?", "option1": "Observation", "option2": "Antibiotics only", "option3": "Appendectomy", "option4": "Colonoscopy", "correct_option": "Appendectomy", "category": "MBBS", "subject": "Surgery"}}]